<?xml version="1.0" encoding="UTF-8" ?>
<!DOCTYPE mapper
        PUBLIC "-//mybatis.org//DTD Mapper 3.0//EN"
        "http://mybatis.org/dtd/mybatis-3-mapper.dtd">

<mapper namespace="ca.ucalgary.seng300.dao.ClientMapper">

    <!--结果集映射 先写一个放在这里备用 防止pojo中类成员名称和数据库字段名称不一致的情况 -->
    <resultMap id="ClientMap" type="Client">
        <!--column为数据库中的字段 property是pojo中的类属性 -->
        <result property="phoneNumber" column="phone_number" />
        <result property="emailAddress" column="email_address" />
    </resultMap>

    <select id="getClientList"
            resultMap="ClientMap">
        select * from group2_hotel.client;
    </select>

    <select id="getClientById"
            resultMap="ClientMap">
        select * from group2_hotel.client where id=#{id};
    </select>

    <select id="getClientByName"
            resultMap="ClientMap">
        select * from group2_hotel.client where name=#{name};
    </select>

    <select id="getClientByPhoneNumber"
            resultMap="ClientMap">
        select * from group2_hotel.client where
        phone_number=#{phoneNumber};
    </select>

    <select id="getClientByAddress"
            resultMap="ClientMap">
        select * from group2_hotel.client where
        address=#{address};
    </select>

    <select id="getClientByEmailAddress"
            resultMap="ClientMap">
        select * from group2_hotel.client where
        email_address=#{emailAddress};
    </select>

</mapper>