<?xml version="1.0" encoding="UTF-8" ?>
<!DOCTYPE configuration
        PUBLIC "-//mybatis.org//DTD Config 3.0//EN"
        "http://mybatis.org/dtd/mybatis-3-config.dtd">
<configuration>

    <!--import db.properties-->
    <!-- the password the account in this file are temporary -->
    <properties resource="db.properties"/>


    <!-- give an alias to our pojo package -->
    <typeAliases>
        <package name="ca.ucalgary.seng300.pojo"/>
    </typeAliases>

    <environments default="development">
        <environment id="development">
            <transactionManager type="JDBC"/>
            <dataSource type="POOLED">
                <property name="driver" value="${driver}"/>
                <property name="url" value="${url}"/>
                <property name="username" value="${username}"/>
                <property name="password" value="${password}"/>
            </dataSource>
        </environment>

    </environments>

    <mappers>
        <mapper resource="ca/ucalgary/seng300/dao/ClientMapper.xml"/>
        <mapper resource="ca/ucalgary/seng300/dao/RoomMapper.xml"/>
        <mapper resource="ca/ucalgary/seng300/dao/CheckinMapper.xml"/>
        <mapper resource="ca/ucalgary/seng300/dao/AdminMapper.xml"/>
        <mapper resource="ca/ucalgary/seng300/dao/BookingMapper.xml"/>
    </mappers>

</configuration>